{
  "user_id": 8,
  "insights": "You are overspending. Consider reducing unnecessary expenses.",
  "forecast": "If you continue spending at the current rate:\n- Weekly spending: $2117.66\n- Monthly spending: $63529.93\n- Yearly spending: $772947.46\nWarning: Expenses may exceed your income. Consider revising spending habits.",
  "chart_data": {
    "weekly": [
      2117.664285714286,
      2117.664285714286,
      2117.664285714286,
      2117.664285714286,
      2117.664285714286,
      2117.664285714286,
      2117.664285714286
    ],
    "monthly": [
      2117.664285714286,
      4235.328571428572,
      6352.992857142858,
      8470.657142857144,
      10588.321428571431,
      12705.985714285716,
      14823.650000000001,
      16941.31428571429,
      19058.978571428575,
      21176.642857142862,
      23294.307142857146,
      25411.971428571433,
      27529.63571428572,
      29647.300000000003,
      31764.96428571429,
      33882.62857142858,
      36000.292857142864,
      38117.95714285715,
      40235.62142857144,
      42353.285714285725,
      44470.950000000004,
      46588.61428571429,
      48706.27857142858,
      50823.942857142865,
      52941.60714285715,
      55059.27142857144,
      57176.935714285726,
      59294.600000000006,
      61412.26428571429,
      63529.92857142858
    ],
    "yearly": [
      2117.664285714286,
      4235.328571428572,
      6352.992857142858,
      8470.657142857144,
      10588.321428571431,
      12705.985714285716,
      14823.650000000001,
      16941.31428571429,
      19058.978571428575,
      21176.642857142862,
      23294.307142857146,
      25411.971428571433,
      27529.63571428572,
      29647.300000000003,
      31764.96428571429,
      33882.62857142858,
      36000.292857142864,
      38117.95714285715,
      40235.62142857144,
      42353.285714285725,
      44470.950000000004,
      46588.61428571429,
      48706.27857142858,
      50823.942857142865,
      52941.60714285715,
      55059.27142857144,
      57176.935714285726,
      59294.600000000006,
      61412.26428571429,
      63529.92857142858,
      65647.59285714287,
      67765.25714285715,
      69882.92142857144,
      72000.58571428573,
      74118.25000000001,
      76235.9142857143,
      78353.57857142859,
      80471.24285714288,
      82588.90714285716,
      84706.57142857145,
      86824.23571428572,
      88941.90000000001,
      91059.5642857143,
      93177.22857142858,
      95294.89285714287,
      97412.55714285716,
      99530.22142857144,
      101647.88571428573,
      103765.55000000002,
      105883.2142857143,
      108000.87857142859,
      110118.54285714288,
      112236.20714285717,
      114353.87142857145,
      116471.53571428574,
      118589.20000000001,
      120706.8642857143,
      122824.52857142859,
      124942.19285714287,
      127059.85714285716,
      129177.52142857145,
      131295.18571428573,
      133412.85000000003,
      135530.5142857143,
      137648.17857142858,
      139765.84285714288,
      141883.50714285715,
      144001.17142857146,
      146118.83571428573,
      148236.50000000003,
      150354.1642857143,
      152471.8285714286,
      154589.49285714288,
      156707.15714285718,
      158824.82142857145,
      160942.48571428575,
      163060.15000000002,
      165177.81428571432,
      167295.4785714286,
      169413.1428571429,
      171530.80714285717,
      173648.47142857144,
      175766.13571428575,
      177883.80000000002,
      180001.46428571432,
      182119.1285714286,
      184236.7928571429,
      186354.45714285717,
      188472.12142857147,
      190589.78571428574,
      192707.45000000004,
      194825.1142857143,
      196942.77857142861,
      199060.4428571429,
      201178.1071428572,
      203295.77142857146,
      205413.43571428573,
      207531.10000000003,
      209648.7642857143,
      211766.4285714286,
      213884.09285714288,
      216001.75714285718,
      218119.42142857146,
      220237.08571428576,
      222354.75000000003,
      224472.41428571433,
      226590.0785714286,
      228707.7428571429,
      230825.40714285718,
      232943.07142857148,
      235060.73571428575,
      237178.40000000002,
      239296.06428571432,
      241413.7285714286,
      243531.3928571429,
      245649.05714285717,
      247766.72142857147,
      249884.38571428575,
      252002.05000000005,
      254119.71428571432,
      256237.37857142862,
      258355.0428571429,
      260472.7071428572,
      262590.37142857147,
      264708.03571428574,
      266825.70000000007,
      268943.36428571434,
      271061.0285714286,
      273178.6928571429,
      275296.35714285716,
      277414.0214285715,
      279531.68571428576,
      281649.35000000003,
      283767.0142857143,
      285884.67857142864,
      288002.3428571429,
      290120.0071428572,
      292237.67142857146,
      294355.3357142858,
      296473.00000000006,
      298590.66428571433,
      300708.3285714286,
      302825.99285714293,
      304943.6571428572,
      307061.3214285715,
      309178.98571428575,
      311296.65,
      313414.31428571435,
      315531.9785714286,
      317649.6428571429,
      319767.3071428572,
      321884.9714285715,
      324002.6357142858,
      326120.30000000005,
      328237.9642857143,
      330355.62857142865,
      332473.2928571429,
      334590.9571428572,
      336708.62142857147,
      338826.2857142858,
      340943.95000000007,
      343061.61428571434,
      345179.2785714286,
      347296.9428571429,
      349414.6071428572,
      351532.2714285715,
      353649.93571428576,
      355767.60000000003,
      357885.26428571437,
      360002.92857142864,
      362120.5928571429,
      364238.2571428572,
      366355.9214285715,
      368473.5857142858,
      370591.25000000006,
      372708.91428571433,
      374826.5785714286,
      376944.24285714293,
      379061.9071428572,
      381179.5714285715,
      383297.23571428575,
      385414.9000000001,
      387532.56428571435,
      389650.2285714286,
      391767.8928571429,
      393885.55714285723,
      396003.2214285715,
      398120.8857142858,
      400238.55000000005,
      402356.2142857144,
      404473.87857142865,
      406591.5428571429,
      408709.2071428572,
      410826.87142857147,
      412944.5357142858,
      415062.20000000007,
      417179.86428571434,
      419297.5285714286,
      421415.19285714295,
      423532.8571428572,
      425650.5214285715,
      427768.18571428576,
      429885.8500000001,
      432003.51428571437,
      434121.17857142864,
      436238.8428571429,
      438356.50714285724,
      440474.1714285715,
      442591.8357142858,
      444709.50000000006,
      446827.16428571433,
      448944.82857142866,
      451062.49285714293,
      453180.1571428572,
      455297.8214285715,
      457415.4857142858,
      459533.1500000001,
      461650.81428571435,
      463768.4785714286,
      465886.14285714296,
      468003.80714285723,
      470121.4714285715,
      472239.1357142858,
      474356.80000000005,
      476474.4642857144,
      478592.12857142865,
      480709.7928571429,
      482827.4571428572,
      484945.1214285715,
      487062.7857142858,
      489180.45000000007,
      491298.11428571434,
      493415.7785714287,
      495533.44285714295,
      497651.1071428572,
      499768.7714285715,
      501886.4357142858,
      504004.1000000001,
      506121.76428571437,
      508239.42857142864,
      510357.0928571429,
      512474.75714285724,
      514592.4214285715,
      516710.0857142858,
      518827.75000000006,
      520945.4142857144,
      523063.07857142866,
      525180.7428571429,
      527298.4071428572,
      529416.0714285715,
      531533.7357142858,
      533651.4000000001,
      535769.0642857144,
      537886.7285714287,
      540004.392857143,
      542122.0571428572,
      544239.7214285715,
      546357.3857142858,
      548475.05,
      550592.7142857143,
      552710.3785714287,
