{
  "user_id": 10,
  "insights": "You are overspending. Consider reducing unnecessary expenses.",
  "forecast": "If you continue spending at the current rate:\n- Weekly spending: $2030.22\n- Monthly spending: $60906.51\n- Yearly spending: $741029.26\nWarning: Expenses may exceed your income. Consider revising spending habits.",
  "chart_data": {
    "weekly": [
      2030.217142857143,
      2030.217142857143,
      2030.217142857143,
      2030.217142857143,
      2030.217142857143,
      2030.217142857143,
      2030.217142857143
    ],
    "monthly": [
      2030.217142857143,
      4060.434285714286,
      6090.651428571429,
      8120.868571428572,
      10151.085714285715,
      12181.302857142859,
      14211.52,
      16241.737142857144,
      18271.954285714288,
      20302.17142857143,
      22332.38857142857,
      24362.605714285717,
      26392.82285714286,
      28423.04,
      30453.257142857146,
      32483.47428571429,
      34513.69142857143,
      36543.908571428576,
      38574.125714285714,
      40604.34285714286,
      42634.560000000005,
      44664.77714285714,
      46694.99428571429,
      48725.211428571434,
      50755.42857142857,
      52785.64571428572,
      54815.86285714286,
      56846.08,
      58876.29714285715,
      60906.51428571429
    ],
    "yearly": [
      2030.217142857143,
      4060.434285714286,
      6090.651428571429,
      8120.868571428572,
      10151.085714285715,
      12181.302857142859,
      14211.52,
      16241.737142857144,
      18271.954285714288,
      20302.17142857143,
      22332.38857142857,
      24362.605714285717,
      26392.82285714286,
      28423.04,
      30453.257142857146,
      32483.47428571429,
      34513.69142857143,
      36543.908571428576,
      38574.125714285714,
      40604.34285714286,
      42634.560000000005,
      44664.77714285714,
      46694.99428571429,
      48725.211428571434,
      50755.42857142857,
      52785.64571428572,
      54815.86285714286,
      56846.08,
      58876.29714285715,
      60906.51428571429,
      62936.73142857143,
      64966.94857142858,
      66997.16571428571,
      69027.38285714286,
      71057.6,
      73087.81714285715,
      75118.0342857143,
      77148.25142857143,
      79178.46857142857,
      81208.68571428572,
      83238.90285714286,
      85269.12000000001,
      87299.33714285716,
      89329.55428571429,
      91359.77142857143,
      93389.98857142858,
      95420.20571428572,
      97450.42285714287,
      99480.64000000001,
      101510.85714285714,
      103541.07428571429,
      105571.29142857144,
      107601.50857142858,
      109631.72571428573,
      111661.94285714287,
      113692.16,
      115722.37714285715,
      117752.5942857143,
      119782.81142857144,
      121813.02857142859,
      123843.24571428573,
      125873.46285714286,
      127903.68000000001,
      129933.89714285715,
      131964.11428571428,
      133994.33142857143,
      136024.54857142858,
      138054.76571428572,
      140084.98285714287,
      142115.2,
      144145.41714285716,
      146175.6342857143,
      148205.85142857145,
      150236.0685714286,
      152266.28571428574,
      154296.50285714286,
      156326.72,
      158356.93714285715,
      160387.1542857143,
      162417.37142857144,
      164447.58857142858,
      166477.80571428573,
      168508.02285714287,
      170538.24000000002,
      172568.45714285717,
      174598.6742857143,
      176628.89142857146,
      178659.10857142857,
      180689.32571428572,
      182719.54285714286,
      184749.76,
      186779.97714285715,
      188810.1942857143,
      190840.41142857145,
      192870.6285714286,
      194900.84571428574,
      196931.06285714288,
      198961.28000000003,
      200991.49714285714,
      203021.7142857143,
      205051.93142857144,
      207082.14857142858,
      209112.36571428573,
      211142.58285714287,
      213172.80000000002,
      215203.01714285716,
      217233.2342857143,
      219263.45142857145,
      221293.6685714286,
      223323.88571428575,
      225354.10285714286,
      227384.32,
      229414.53714285715,
      231444.7542857143,
      233474.97142857144,
      235505.1885714286,
      237535.40571428573,
      239565.62285714288,
      241595.84000000003,
      243626.05714285717,
      245656.27428571432,
      247686.49142857146,
      249716.70857142858,
      251746.92571428572,
      253777.14285714287,
      255807.36000000002,
      257837.57714285716,
      259867.7942857143,
      261898.01142857145,
      263928.22857142857,
      265958.4457142857,
      267988.66285714286,
      270018.88,
      272049.09714285715,
      274079.3142857143,
      276109.53142857144,
      278139.7485714286,
      280169.96571428573,
      282200.1828571429,
      284230.4,
      286260.61714285717,
      288290.8342857143,
      290321.05142857146,
      292351.2685714286,
      294381.48571428575,
      296411.7028571429,
      298441.92000000004,
      300472.1371428572,
      302502.35428571433,
      304532.5714285715,
      306562.7885714286,
      308593.0057142857,
      310623.22285714286,
      312653.44,
      314683.65714285715,
      316713.8742857143,
      318744.09142857144,
      320774.3085714286,
      322804.52571428573,
      324834.7428571429,
      326864.96,
      328895.17714285717,
      330925.3942857143,
      332955.61142857146,
      334985.8285714286,
      337016.04571428575,
      339046.2628571429,
      341076.48000000004,
      343106.6971428572,
      345136.91428571433,
      347167.1314285715,
      349197.3485714286,
      351227.56571428577,
      353257.7828571429,
      355288.0,
      357318.21714285715,
      359348.4342857143,
      361378.65142857144,
      363408.8685714286,
      365439.0857142857,
      367469.3028571429,
      369499.52,
      371529.73714285716,
      373559.9542857143,
      375590.17142857146,
      377620.3885714286,
      379650.60571428575,
      381680.8228571429,
      383711.04000000004,
      385741.2571428572,
      387771.4742857143,
      389801.6914285715,
      391831.9085714286,
      393862.12571428576,
      395892.3428571429,
      397922.56000000006,
      399952.7771428572,
      401982.9942857143,
      404013.21142857143,
      406043.4285714286,
      408073.6457142857,
      410103.86285714287,
      412134.08,
      414164.29714285716,
      416194.5142857143,
      418224.73142857145,
      420254.9485714286,
      422285.16571428574,
      424315.3828571429,
      426345.60000000003,
      428375.8171428572,
      430406.0342857143,
      432436.2514285715,
      434466.4685714286,
      436496.68571428576,
      438526.9028571429,
      440557.12000000005,
      442587.3371428572,
      444617.55428571434,
      446647.7714285715,
      448677.98857142864,
      450708.2057142857,
      452738.42285714287,
      454768.64,
      456798.85714285716,
      458829.0742857143,
      460859.29142857145,
      462889.5085714286,
      464919.72571428574,
      466949.9428571429,
      468980.16000000003,
      471010.3771428572,
      473040.5942857143,
      475070.81142857147,
      477101.0285714286,
      479131.24571428576,
      481161.4628571429,
      483191.68000000005,
      485221.8971428572,
      487252.11428571434,
      489282.3314285715,
      491312.54857142863,
      493342.7657142858,
      495372.9828571429,
      497403.2,
      499433.41714285716,
      501463.6342857143,
      503493.85142857145,
      505524.0685714286,
      507554.28571428574,
      509584.5028571429,
      511614.72000000003,
      513644.9371428572,
      515675.1542857143,
      517705.37142857147,
      519735.5885714286,
      521765.80571428576,
      523796.0228571429,
      525826.24,
      527856.4571428571,
      529886.6742857143,
      531916.8914285714,
      533947.1085714286,
      535977.3257142857,
      538007.5428571429,
      540037.76,
      542067.9771428572,
      544098.1942857143,
      546128.4114285714,
