{
  "user_id": 5,
  "insights": "You are overspending. Consider reducing unnecessary expenses.",
  "forecast": "If you continue spending at the current rate:\n- Weekly spending: $4081.49\n- Monthly spending: $122444.83\n- Yearly spending: $1489745.41\nWarning: Expenses may exceed your income. Consider revising spending habits.",
  "chart_data": {
    "weekly": [
      4081.4942857142855,
      4081.4942857142855,
      4081.4942857142855,
      4081.4942857142855,
      4081.4942857142855,
      4081.4942857142855,
      4081.4942857142855
    ],
    "monthly": [
      4081.4942857142855,
      8162.988571428571,
      12244.482857142857,
      16325.977142857142,
      20407.47142857143,
      24488.965714285714,
      28570.46,
      32651.954285714284,
      36733.44857142857,
      40814.94285714286,
      44896.43714285714,
      48977.93142857143,
      53059.42571428571,
      57140.92,
      61222.41428571428,
      65303.90857142857,
      69385.40285714285,
      73466.89714285714,
      77548.39142857143,
      81629.88571428572,
      85711.37999999999,
      89792.87428571428,
      93874.36857142857,
      97955.86285714286,
      102037.35714285714,
      106118.85142857142,
      110200.34571428571,
      114281.84,
      118363.33428571429,
      122444.82857142856
    ],
    "yearly": [
      4081.4942857142855,
      8162.988571428571,
      12244.482857142857,
      16325.977142857142,
      20407.47142857143,
      24488.965714285714,
      28570.46,
      32651.954285714284,
      36733.44857142857,
      40814.94285714286,
      44896.43714285714,
      48977.93142857143,
      53059.42571428571,
      57140.92,
      61222.41428571428,
      65303.90857142857,
      69385.40285714285,
      73466.89714285714,
      77548.39142857143,
      81629.88571428572,
      85711.37999999999,
      89792.87428571428,
      93874.36857142857,
      97955.86285714286,
      102037.35714285714,
      106118.85142857142,
      110200.34571428571,
      114281.84,
      118363.33428571429,
      122444.82857142856,
      126526.32285714285,
      130607.81714285714,
      134689.3114285714,
      138770.8057142857,
      142852.3,
      146933.79428571428,
      151015.28857142857,
      155096.78285714285,
      159178.27714285714,
      163259.77142857143,
      167341.26571428572,
      171422.75999999998,
      175504.25428571427,
      179585.74857142856,
      183667.24285714285,
      187748.73714285714,
      191830.23142857142,
      195911.7257142857,
      199993.22,
      204074.7142857143,
      208156.20857142855,
      212237.70285714284,
      216319.19714285713,
      220400.69142857142,
      224482.1857142857,
      228563.68,
      232645.17428571428,
      236726.66857142857,
      240808.16285714286,
      244889.65714285712,
      248971.1514285714,
      253052.6457142857,
      257134.13999999998,
      261215.63428571427,
      265297.12857142853,
      269378.6228571428,
      273460.1171428571,
      277541.6114285714,
      281623.1057142857,
      285704.6,
      289786.09428571427,
      293867.58857142855,
      297949.08285714284,
      302030.57714285713,
      306112.0714285714,
      310193.5657142857,
      314275.06,
      318356.5542857143,
      322438.0485714286,
      326519.54285714286,
      330601.03714285715,
      334682.53142857144,
      338764.0257142857,
      342845.51999999996,
      346927.01428571425,
      351008.50857142854,
      355090.0028571428,
      359171.4971428571,
      363252.9914285714,
      367334.4857142857,
      371415.98,
      375497.47428571427,
      379578.96857142856,
      383660.46285714285,
      387741.95714285714,
      391823.4514285714,
      395904.9457142857,
      399986.44,
      404067.9342857143,
      408149.4285714286,
      412230.9228571428,
      416312.4171428571,
      420393.9114285714,
      424475.4057142857,
      428556.89999999997,
      432638.39428571425,
      436719.88857142854,
      440801.38285714283,
      444882.8771428571,
      448964.3714285714,
      453045.8657142857,
      457127.36,
      461208.8542857143,
      465290.34857142856,
      469371.84285714285,
      473453.33714285714,
      477534.83142857143,
      481616.3257142857,
      485697.81999999995,
      489779.31428571424,
      493860.8085714285,
      497942.3028571428,
      502023.7971428571,
      506105.2914285714,
      510186.7857142857,
      514268.27999999997,
      518349.77428571426,
      522431.26857142855,
      526512.7628571428,
      530594.2571428571,
      534675.7514285714,
      538757.2457142856,
      542838.74,
      546920.2342857142,
      551001.7285714286,
      555083.2228571428,
      559164.7171428571,
      563246.2114285714,
      567327.7057142857,
      571409.2,
      575490.6942857143,
      579572.1885714285,
      583653.6828571429,
      587735.1771428571,
      591816.6714285715,
      595898.1657142857,
      599979.6599999999,
      604061.1542857143,
      608142.6485714285,
      612224.1428571428,
      616305.6371428571,
      620387.1314285714,
      624468.6257142856,
      628550.12,
      632631.6142857142,
      636713.1085714286,
      640794.6028571428,
      644876.0971428572,
      648957.5914285714,
      653039.0857142857,
      657120.58,
      661202.0742857143,
      665283.5685714285,
      669365.0628571429,
      673446.5571428571,
      677528.0514285713,
      681609.5457142857,
      685691.0399999999,
      689772.5342857143,
      693854.0285714285,
      697935.5228571428,
      702017.0171428571,
      706098.5114285714,
      710180.0057142857,
      714261.5,
      718342.9942857142,
      722424.4885714286,
      726505.9828571428,
      730587.4771428572,
      734668.9714285714,
      738750.4657142857,
      742831.96,
      746913.4542857142,
      750994.9485714285,
      755076.4428571428,
      759157.9371428571,
      763239.4314285713,
      767320.9257142857,
      771402.4199999999,
      775483.9142857143,
      779565.4085714285,
      783646.9028571428,
      787728.3971428571,
      791809.8914285714,
      795891.3857142857,
      799972.88,
      804054.3742857142,
      808135.8685714286,
      812217.3628571428,
      816298.8571428572,
      820380.3514285714,
      824461.8457142856,
      828543.34,
      832624.8342857142,
      836706.3285714285,
      840787.8228571428,
      844869.3171428571,
      848950.8114285714,
      853032.3057142857,
      857113.7999999999,
      861195.2942857143,
      865276.7885714285,
      869358.2828571429,
      873439.7771428571,
      877521.2714285714,
      881602.7657142857,
      885684.26,
      889765.7542857142,
      893847.2485714286,
      897928.7428571428,
      902010.237142857,
      906091.7314285714,
      910173.2257142856,
      914254.72,
      918336.2142857142,
      922417.7085714285,
      926499.2028571428,
      930580.6971428571,
      934662.1914285714,
      938743.6857142857,
      942825.1799999999,
      946906.6742857143,
      950988.1685714285,
      955069.6628571429,
      959151.1571428571,
      963232.6514285714,
      967314.1457142857,
      971395.6399999999,
      975477.1342857142,
      979558.6285714285,
      983640.1228571428,
      987721.617142857,
      991803.1114285714,
      995884.6057142856,
      999966.1,
      1004047.5942857142,
      1008129.0885714286,
      1012210.5828571428,
      1016292.0771428571,
      1020373.5714285714,
      1024455.0657142857,
      1028536.5599999999,
      1032618.0542857143,
      1036699.5485714285,
      1040781.0428571429,
      1044862.5371428571,
      1048944.0314285713,
      1053025.5257142857,
      1057107.02,
      1061188.5142857141,
      1065270.0085714285,
      1069351.5028571428,
      1073432.9971428572,
      1077514.4914285713,
      1081595.9857142856,
      1085677.48,
      1089758.9742857143,
      1093840.4685714284,
      1097921.9628571428,
      1102003.4571428571,
      1106084.9514285715,
